,0,1
0,"Elizabeth borough, Allegheny County, Pennsylvania",22992
1,"Harmar township, Allegheny County, Pennsylvania",32624
2,"Harrison township, Allegheny County, Pennsylvania",32832
3,"Haysville borough, Allegheny County, Pennsylvania",33312
4,"Liberty borough, Allegheny County, Pennsylvania",43064
5,"O'Hara township, Allegheny County, Pennsylvania",56384
6,"Pennsbury Village borough, Allegheny County, Pennsylvania",59152
7,"West Deer township, Allegheny County, Pennsylvania",82800
8,"Whitehall borough, Allegheny County, Pennsylvania",84512
9,"McCandless township, Allegheny County, Pennsylvania",45900
10,"Churchill borough, Allegheny County, Pennsylvania",13608
11,"Emsworth borough, Allegheny County, Pennsylvania",23616
12,"McDonald borough, Allegheny County, Pennsylvania",46072
13,"Ben Avon Heights borough, Allegheny County, Pennsylvania",05520
14,"Braddock Hills borough, Allegheny County, Pennsylvania",08008
15,"Sewickley borough, Allegheny County, Pennsylvania",69376
16,"Sharpsburg borough, Allegheny County, Pennsylvania",69776
17,"Stowe township, Allegheny County, Pennsylvania",74648
18,"Trafford borough, Allegheny County, Pennsylvania",77272
19,"Versailles borough, Allegheny County, Pennsylvania",80040
20,"Oakdale borough, Allegheny County, Pennsylvania",55840
21,"South Fayette township, Allegheny County, Pennsylvania",72160
22,"Tarentum borough, Allegheny County, Pennsylvania",76104
23,"Brackenridge borough, Allegheny County, Pennsylvania",07976
24,"Crescent township, Allegheny County, Pennsylvania",17048
25,"East McKeesport borough, Allegheny County, Pennsylvania",21444
26,"Edgeworth borough, Allegheny County, Pennsylvania",22576
27,"Verona borough, Allegheny County, Pennsylvania",80032
28,"Wilkins township, Allegheny County, Pennsylvania",85184
29,"Scott township, Allegheny County, Pennsylvania",68388
30,"Sewickley Hills borough, Allegheny County, Pennsylvania",69416
31,"Oakmont borough, Allegheny County, Pennsylvania",56088
32,"Pine township, Allegheny County, Pennsylvania",60272
33,"Pittsburgh city, Allegheny County, Pennsylvania",61000
34,"South Versailles township, Allegheny County, Pennsylvania",72568
35,"Swissvale borough, Allegheny County, Pennsylvania",75816
36,"South Park township, Allegheny County, Pennsylvania",72400
37,"McKeesport city, Allegheny County, Pennsylvania",46256
38,"Richland township, Allegheny County, Pennsylvania",64528
39,"Hampton township, Allegheny County, Pennsylvania",32328
40,"White Oak borough, Allegheny County, Pennsylvania",84704
41,"West View borough, Allegheny County, Pennsylvania",84144
42,"Shaler township, Allegheny County, Pennsylvania",69584
43,"Port Vue borough, Allegheny County, Pennsylvania",62320
44,"Whitaker borough, Allegheny County, Pennsylvania",84440
45,"Etna borough, Allegheny County, Pennsylvania",24160
46,"Forward township, Allegheny County, Pennsylvania",26896
47,"Glassport borough, Allegheny County, Pennsylvania",29432
48,"Kilbuck township, Allegheny County, Pennsylvania",39624
49,"Millvale borough, Allegheny County, Pennsylvania",49920
50,"Moon township, Allegheny County, Pennsylvania",50784
51,"Neville township, Allegheny County, Pennsylvania",53136
52,"Aleppo township, Allegheny County, Pennsylvania",00724
53,"Edgewood borough, Allegheny County, Pennsylvania",22520
54,"Fox Chapel borough, Allegheny County, Pennsylvania",27120
55,"Heidelberg borough, Allegheny County, Pennsylvania",33592
56,"Bridgeville borough, Allegheny County, Pennsylvania",08624
57,"Baldwin township, Allegheny County, Pennsylvania",03932
58,"Braddock borough, Allegheny County, Pennsylvania",07992
59,"Carnegie borough, Allegheny County, Pennsylvania",11336
60,"Collier township, Allegheny County, Pennsylvania",15216
61,"Indiana township, Allegheny County, Pennsylvania",36808
62,"Thornburg borough, Allegheny County, Pennsylvania",76560
63,"West Elizabeth borough, Allegheny County, Pennsylvania",82848
64,"Wilmerding borough, Allegheny County, Pennsylvania",85496
65,"Upper St. Clair township, Allegheny County, Pennsylvania",79274
66,"Wall borough, Allegheny County, Pennsylvania",80600
67,"Avalon borough, Allegheny County, Pennsylvania",03608
68,"Baldwin borough, Allegheny County, Pennsylvania",03928
69,"Cheswick borough, Allegheny County, Pennsylvania",13392
70,"Dravosburg borough, Allegheny County, Pennsylvania",19856
71,"East Deer township, Allegheny County, Pennsylvania",21024
72,"Glenfield borough, Allegheny County, Pennsylvania",29592
73,"Marshall township, Allegheny County, Pennsylvania",47696
74,"Mount Oliver borough, Allegheny County, Pennsylvania",51744
75,"North Versailles township, Allegheny County, Pennsylvania",55488
76,"Ohio township, Allegheny County, Pennsylvania",56392
77,"Frazer township, Allegheny County, Pennsylvania",27608
78,"Ingram borough, Allegheny County, Pennsylvania",37000
79,"Lincoln borough, Allegheny County, Pennsylvania",43408
80,"North Braddock borough, Allegheny County, Pennsylvania",54816
81,"Bellevue borough, Allegheny County, Pennsylvania",05312
82,"Clairton city, Allegheny County, Pennsylvania",13704
83,"Penn Hills township, Allegheny County, Pennsylvania",59032
84,"Pitcairn borough, Allegheny County, Pennsylvania",60712
85,"Chalfant borough, Allegheny County, Pennsylvania",12496
86,"Elizabeth township, Allegheny County, Pennsylvania",23000
87,"Jefferson Hills borough, Allegheny County, Pennsylvania",37955
88,"Findlay township, Allegheny County, Pennsylvania",25904
89,"Green Tree borough, Allegheny County, Pennsylvania",31256
90,"Homestead borough, Allegheny County, Pennsylvania",35424
91,"Plum borough, Allegheny County, Pennsylvania",61536
92,"Robinson township, Allegheny County, Pennsylvania",65352
93,"Turtle Creek borough, Allegheny County, Pennsylvania",77912
94,"Rankin borough, Allegheny County, Pennsylvania",63408
95,"Reserve township, Allegheny County, Pennsylvania",64240
96,"Rosslyn Farms borough, Allegheny County, Pennsylvania",66320
97,"Wilkinsburg borough, Allegheny County, Pennsylvania",85188
98,"Franklin Park borough, Allegheny County, Pennsylvania",27552
99,"Dormont borough, Allegheny County, Pennsylvania",19576
100,"McKees Rocks borough, Allegheny County, Pennsylvania",46264
101,"Aspinwall borough, Allegheny County, Pennsylvania",03320
102,"Bell Acres borough, Allegheny County, Pennsylvania",05216
103,"Bethel Park municipality, Allegheny County, Pennsylvania",06064
104,"Bradford Woods borough, Allegheny County, Pennsylvania",08064
105,"Glen Osborne borough, Allegheny County, Pennsylvania",29732
106,"Monroeville municipality, Allegheny County, Pennsylvania",50528
107,"Ross township, Allegheny County, Pennsylvania",66264
108,"Pleasant Hills borough, Allegheny County, Pennsylvania",61328
109,"Mount Lebanon township, Allegheny County, Pennsylvania",51696
110,"Munhall borough, Allegheny County, Pennsylvania",52320
111,"North Fayette township, Allegheny County, Pennsylvania",55016
112,"Ben Avon borough, Allegheny County, Pennsylvania",05504
113,"Coraopolis borough, Allegheny County, Pennsylvania",16144
114,"Forest Hills borough, Allegheny County, Pennsylvania",26592
115,"Leet township, Allegheny County, Pennsylvania",42368
116,"Crafton borough, Allegheny County, Pennsylvania",16848
117,"Springdale township, Allegheny County, Pennsylvania",72968
118,"Springdale borough, Allegheny County, Pennsylvania",72960
119,"Blawnox borough, Allegheny County, Pennsylvania",07000
120,"Duquesne city, Allegheny County, Pennsylvania",20432
121,"West Mifflin borough, Allegheny County, Pennsylvania",83512
122,"West Homestead borough, Allegheny County, Pennsylvania",83200
123,"Sewickley Heights borough, Allegheny County, Pennsylvania",69400
124,"Brentwood borough, Allegheny County, Pennsylvania",08416
125,"Leetsdale borough, Allegheny County, Pennsylvania",42392
126,"Kennedy township, Allegheny County, Pennsylvania",39312
127,"Castle Shannon borough, Allegheny County, Pennsylvania",11680
128,"East Pittsburgh borough, Allegheny County, Pennsylvania",21712
129,"Fawn township, Allegheny County, Pennsylvania",25400
